{
  "manifest": {
    "apis": {
      "custom": {
        "endpoint": {
          "uri": "arn:aws:lambda:us-east-1:433260209695:function:581ddf7c-8536-43ac-abad-fb85b2285ba0:Release_0"
        },
        "interfaces": [],
        "locales": {},
        "regions": {
          "NA": {
            "endpoint": {
              "uri": "arn:aws:lambda:us-east-1:433260209695:function:581ddf7c-8536-43ac-abad-fb85b2285ba0:Release_0"
            }
          },
          "EU": {
            "endpoint": {
              "uri": "arn:aws:lambda:eu-west-1:433260209695:function:581ddf7c-8536-43ac-abad-fb85b2285ba0:Release_0"
            }
          },
          "FE": {
            "endpoint": {
              "uri": "arn:aws:lambda:us-west-2:433260209695:function:581ddf7c-8536-43ac-abad-fb85b2285ba0:Release_0"
            }
          }
        }
      }
    },
    "manifestVersion": "1.0",
    "publishingInformation": {
      "distributionCountries": [],
      "isAvailableWorldwide": true,
      "locales": {
        "pt-BR": {
          "description": "Sample Full Description",
          "examplePhrases": [
            "Alexa abra olá mundo",
            "olá",
            "ajuda"
          ],
          "keywords": [],
          "name": "Automecânica",
          "summary": "Sample Short Description"
        }
      },
      "testingInstructions": "Sample Testing Instructions."
    }
  }
}