{
  "interactionModel": {
    "dialog": {
      "intents": [
        {
          "slots": [
            {
              "name": "addName",
              "elicitationRequired": true,
              "type": "AMAZON.SearchQuery",
              "confirmationRequired": false,
              "prompts": {
                "elicitation": "Elicit.Slot.1338373886693.279847910119"
              }
            },
            {
              "name": "addModelo",
              "elicitationRequired": true,
              "type": "AMAZON.SearchQuery",
              "confirmationRequired": false,
              "prompts": {
                "elicitation": "Elicit.Slot.1338373886693.1039818741712"
              }
            },
            {
              "name": "addCor",
              "elicitationRequired": true,
              "type": "AMAZON.Color",
              "confirmationRequired": false,
              "prompts": {
                "elicitation": "Elicit.Slot.1338373886693.671433217194"
              }
            },
            {
              "name": "addPlaca",
              "elicitationRequired": true,
              "type": "AMAZON.SearchQuery",
              "confirmationRequired": false,
              "prompts": {
                "elicitation": "Elicit.Slot.1338373886693.1162843667078"
              }
            }
          ],
          "name": "AutoIntent",
          "confirmationRequired": true,
          "prompts": {
            "confirmation": "Confirm.Intent.1338373886693"
          }
        },
        {
          "slots": [
            {
              "name": "addPlaca",
              "elicitationRequired": true,
              "type": "AMAZON.SearchQuery",
              "confirmationRequired": false,
              "prompts": {
                "elicitation": "Elicit.Slot.801175126861.1186834128231"
              }
            }
          ],
          "name": "HisServIntent",
          "confirmationRequired": true,
          "prompts": {
            "confirmation": "Confirm.Intent.801175126861"
          }
        },
        {
          "slots": [
            {
              "name": "addPlaca",
              "elicitationRequired": true,
              "type": "AMAZON.SearchQuery",
              "confirmationRequired": false,
              "prompts": {
                "elicitation": "Elicit.Slot.1613528735824.560706033973"
              }
            }
          ],
          "name": "CanServIntent",
          "confirmationRequired": true,
          "prompts": {
            "confirmation": "Confirm.Intent.1613528735824"
          }
        },
        {
          "slots": [
            {
              "name": "addPlaca",
              "elicitationRequired": true,
              "type": "AMAZON.SearchQuery",
              "confirmationRequired": false,
              "prompts": {
                "elicitation": "Elicit.Slot.478785400626.154867013940"
              }
            },
            {
              "name": "addServico",
              "elicitationRequired": true,
              "type": "AMAZON.SearchQuery",
              "confirmationRequired": false,
              "prompts": {
                "elicitation": "Elicit.Slot.7053322527.1292055421063"
              }
            },
            {
              "name": "addData",
              "elicitationRequired": true,
              "type": "AMAZON.DATE",
              "confirmationRequired": false,
              "prompts": {
                "elicitation": "Elicit.Slot.478785400626.672451869223"
              }
            }
          ],
          "name": "AgendarIntent",
          "confirmationRequired": true,
          "prompts": {
            "confirmation": "Confirm.Intent.478785400626"
          }
        },
        {
          "slots": [
            {
              "name": "addPlaca",
              "elicitationRequired": true,
              "type": "AMAZON.SearchQuery",
              "confirmationRequired": false,
              "prompts": {
                "elicitation": "Elicit.Slot.1592650804349.103800695404"
              }
            }
          ],
          "name": "DelAutoIntent",
          "confirmationRequired": true,
          "prompts": {
            "confirmation": "Confirm.Intent.1592650804349"
          }
        }
      ],
      "delegationStrategy": "ALWAYS"
    },
    "languageModel": {
      "intents": [
        {
          "name": "AMAZON.CancelIntent",
          "samples": []
        },
        {
          "name": "AMAZON.HelpIntent",
          "samples": []
        },
        {
          "name": "AMAZON.StopIntent",
          "samples": []
        },
        {
          "slots": [],
          "name": "HelloWorldIntent",
          "samples": [
            "olá",
            "como vai você",
            "diga oi mundo",
            "diga oi",
            "oi",
            "diga olá mundo",
            "diga olá"
          ]
        },
        {
          "name": "AMAZON.NavigateHomeIntent",
          "samples": []
        },
        {
          "slots": [
            {
              "name": "addName",
              "type": "AMAZON.SearchQuery"
            },
            {
              "name": "addModelo",
              "type": "AMAZON.SearchQuery"
            },
            {
              "name": "addCor",
              "type": "AMAZON.Color"
            },
            {
              "name": "addPlaca",
              "type": "AMAZON.SearchQuery"
            }
          ],
          "name": "AutoIntent",
          "samples": [
            "cadastrar novo",
            "adcionar",
            "novo carro "
          ]
        },
        {
          "slots": [
            {
              "name": "addPlaca",
              "type": "AMAZON.SearchQuery"
            }
          ],
          "name": "HisServIntent",
          "samples": [
            "antecedentes",
            "historico "
          ]
        },
        {
          "slots": [
            {
              "name": "addPlaca",
              "type": "AMAZON.SearchQuery"
            }
          ],
          "name": "CanServIntent",
          "samples": [
            "cancelamento",
            "cancelar "
          ]
        },
        {
          "slots": [
            {
              "name": "addPlaca",
              "type": "AMAZON.SearchQuery"
            },
            {
              "name": "addServico",
              "type": "AMAZON.SearchQuery"
            },
            {
              "name": "addData",
              "type": "AMAZON.DATE"
            }
          ],
          "name": "AgendarIntent",
          "samples": [
            "programar",
            "agendar"
          ]
        },
        {
          "slots": [
            {
              "name": "addPlaca",
              "type": "AMAZON.SearchQuery"
            }
          ],
          "name": "DelAutoIntent",
          "samples": [
            "exluir",
            "remover"
          ]
        }
      ],
      "types": [],
      "invocationName": "auto mecanica"
    },
    "prompts": [
      {
        "variations": [
          {
            "type": "PlainText",
            "value": "Qual o nome do proprietário do carro ?"
          }
        ],
        "id": "Elicit.Slot.1338373886693.279847910119"
      },
      {
        "variations": [
          {
            "type": "PlainText",
            "value": "Qual o modelo do carro ?"
          }
        ],
        "id": "Elicit.Slot.1338373886693.1039818741712"
      },
      {
        "variations": [
          {
            "type": "PlainText",
            "value": "Qual a cor do carro ?"
          }
        ],
        "id": "Elicit.Slot.1338373886693.671433217194"
      },
      {
        "variations": [
          {
            "type": "PlainText",
            "value": "Qual a placa do carro ?"
          }
        ],
        "id": "Elicit.Slot.1338373886693.1162843667078"
      },
      {
        "variations": [
          {
            "type": "PlainText",
            "value": "Verifique se as seguinte infomações estão corretas {addName} , {addModelo} , {addCor} , {addPlaca}  ?"
          }
        ],
        "id": "Confirm.Intent.1338373886693"
      },
      {
        "variations": [
          {
            "type": "PlainText",
            "value": "Qual a placa do carro ?"
          }
        ],
        "id": "Elicit.Slot.220683174455.98455599728"
      },
      {
        "variations": [
          {
            "type": "PlainText",
            "value": "O valor pago pelos serviços prestados no carro com a placa {addPlaca} é "
          }
        ],
        "id": "Confirm.Intent.220683174455"
      },
      {
        "variations": [
          {
            "type": "PlainText",
            "value": "Qual a placa do carro ?"
          }
        ],
        "id": "Elicit.Slot.801175126861.1186834128231"
      },
      {
        "variations": [
          {
            "type": "PlainText",
            "value": "O serviços prestado para o carro de placa {addPlaca} são "
          }
        ],
        "id": "Confirm.Intent.801175126861"
      },
      {
        "variations": [
          {
            "type": "PlainText",
            "value": "Qual a placa do carro ?"
          }
        ],
        "id": "Elicit.Slot.1613528735824.560706033973"
      },
      {
        "variations": [
          {
            "type": "PlainText",
            "value": "Deseja cancelar serviço para a placa {addPlaca} ?"
          }
        ],
        "id": "Confirm.Intent.1613528735824"
      },
      {
        "variations": [
          {
            "type": "PlainText",
            "value": "Qual a placa do carro ?"
          }
        ],
        "id": "Elicit.Slot.478785400626.154867013940"
      },
      {
        "variations": [
          {
            "type": "PlainText",
            "value": "Qual a data para agendar o servico ?"
          }
        ],
        "id": "Elicit.Slot.478785400626.672451869223"
      },
      {
        "variations": [
          {
            "type": "PlainText",
            "value": "O seguinte serviço {addServico} foi agendado para o carro com  a placa {addPlaca} na data {addData}"
          }
        ],
        "id": "Confirm.Intent.478785400626"
      },
      {
        "variations": [
          {
            "type": "PlainText",
            "value": "Qual o serviço desja programar "
          }
        ],
        "id": "Elicit.Slot.7053322527.1292055421063"
      },
      {
        "variations": [
          {
            "type": "PlainText",
            "value": "Qual a placa do carro que deseja remover ?"
          }
        ],
        "id": "Elicit.Slot.1592650804349.103800695404"
      },
      {
        "variations": [
          {
            "type": "PlainText",
            "value": "O automóvel com a placa {addPlaca} será removido, tem certeza ?"
          }
        ],
        "id": "Confirm.Intent.1592650804349"
      }
    ]
  }
}